feature,importance
average_rain_fall_mm_per_year,0.6086597461042411
Item,0.11467588864354518
Area,0.10873652676276588
avg_temp,0.08673500509335241
Year,0.048510837714074294
pesticides_tonnes,0.032681995682021035
