feature,coefficient
average_rain_fall_mm_per_year,-7687.71107701557
Item,-1887.530390005411
pesticides_tonnes,1019.7364049860273
Year,90.64913025230338
avg_temp,3.379898467297123
Area,0.10052218892400787
