feature,importance
average_rain_fall_mm_per_year,0.6086599269978753
Item,0.11434931497927515
Area,0.10776461353691207
avg_temp,0.08570689520932871
Year,0.0506894183385267
pesticides_tonnes,0.03282983093808212
