feature,coefficient
Item,-7687.71107701557
avg_temp,-1887.530390005411
Year,1019.7364049860273
Area,90.64913025230338
average_rain_fall_mm_per_year,3.379898467297123
pesticides_tonnes,0.10052218892400787
