{
  "MAE": 4083.0412462382724,
  "MSE": 177368881.2157904,
  "RMSE": 13317.990885106898,
  "R2": 0.9755477112932318
}