{
  "MAE": 62444.310629756306,
  "MSE": 6642537610.981088,
  "RMSE": 81501.76446544632,
  "R2": 0.08425172276039627
}