{
  "MAE": 4045.11736590547,
  "MSE": 174882219.47601345,
  "RMSE": 13224.30412067166,
  "R2": 0.9758905254913048
}