{
  "MAE": 4098.19560984245,
  "MSE": 177102978.45158434,
  "RMSE": 13308.004300103918,
  "R2": 0.9755843689702365
}