feature,importance
Item,0.6086599279019423
avg_temp,0.11443411471639937
pesticides_tonnes,0.10735473205487482
average_rain_fall_mm_per_year,0.08276181043819192
Area,0.05401543012459729
Year,0.03277398476399415
